Name,Phonenumber,email,role,subject1,subject2,subject3,salary,status,workinghour
Vinh,1234,sdf,Student,math,chemics,english,XXX,XXX,XXX
thang,1243,sdf,Teacher,chemics,german,XXX,234,XXX,XXX
thien,345,dfg,Admin,XXX,XXX,XXX,345,Partime,345
sdf,sdf,sdf,Teacher,math,mauythau,XXX,234,XXX,XXX
sf,s334,sdf,Admin,XXX,XXX,XXX,234,Partime,234
sdf,sdrf,sdf,Admin,XXX,XXX,XXX,2356,32,,23
,,,Admin,XXX,XXX,XXX,23,,23
dfg,24rf,sdf,Teacher,,,XXX,234,XXX,XXX
sdf,234,sdf,Teacher,,,XXX,23,XXX,XXX
sdf,sdf,asdf,Teacher,sdf,sdf,XXX,42,XXX,XXX
sdf,234,sdf,Admin,XXX,XXX,XXX,234,,234
ssdf,234,sdf,Admin,XXX,XXX,XXX,34,,234
as,234,sdf,Admin,XXX,XXX,XXX,234,Partime,123
asdf,asdf,adsf@gmail.com,Student,dsf,asdf,aefr,XXX,XXX,XXX
sdfg,dfg,vinhdang@gmail.com,Student,sdf,sfg,sdfg,XXX,XXX,XXX
sadf,sdf,,Teacher,dsf,sdf,XXX,234,XXX,XXX
sdf,sdf,,Student,sdf,df,wf,XXX,XXX,XXX
sdf,sdf,,Teacher,dsf,sdf,XXX,234,XXX,XXX
sdf,12412312,asdf@gmail.com,Admin,XXX,XXX,XXX,234,Fulltime,213
sdf,324234,,Student,math,english,sdf,XXX,XXX,XXX
sdf,345238234,vd4383809@gmail.com,Admin,XXX,XXX,XXX,13,,23
gfd,23423423,sdgsdg@gmail.com,Teacher,math,sdf,XXX,234,XXX,XXX
sdf,234,sdf@gmail.com,Teacher,h,u,XXX,345,XXX,XXX
dsf,245,,Teacher,math,english,XXX,234,XXX,XXX
sdf,234,sdfds@gmail.com,Student,dsf,hry,ut,XXX,XXX,XXX
sdf,325,@gmail.com,Teacher,sdf,by,XXX,234,XXX,XXX
sdg,234,sdfdsggwer@gmail.com,Admin,XXX,XXX,XXX,123,Fulltime,123
